﻿Designator,Footprint,Quantity,Value,LCSC Part #
"C1, C9",0603,2,4.7u,
"C10, C11, C2, C5, C6, C7, C8",0603,7,0.1u,
"C3, C4",0603,2,2.2u,
"D1, D2, D3, D4, D5, D6, D7, D8",LED_WS2812B_PLCC4_5.0x5.0mm_P3.2mm,8,WS2812B,
D10,D_SOD-323_HandSoldering,1,BAT20J,
D11,1206,1,Red,
D12,1206,1,Amber,
D13,1206,1,Green,
D9,1206,1,Yellow,
J1,USB_C_Receptacle_GCT_USB4105-xx-A_16P_TopMnt_Horizontal,1,USB_C_Receptacle_USB2.0_14P,
J2,JST_PH_S2B-PH-SM4-TB_1x02-1MP_P2.00mm_Horizontal,1,Conn_01x02,
J3,PinHeader_1x03_P2.54mm_Vertical,1,DNP,
"KIKIT_MB_10_1, KIKIT_MB_10_2, KIKIT_MB_11_1, KIKIT_MB_11_2, KIKIT_MB_11_3, KIKIT_MB_12_1, KIKIT_MB_12_2, KIKIT_MB_12_3, KIKIT_MB_13_1, KIKIT_MB_13_2, KIKIT_MB_13_3, KIKIT_MB_13_4, KIKIT_MB_13_5, KIKIT_MB_14_1, KIKIT_MB_14_2, KIKIT_MB_14_3, KIKIT_MB_14_4, KIKIT_MB_15_1, KIKIT_MB_15_2, KIKIT_MB_15_3, KIKIT_MB_15_4, KIKIT_MB_16_1, KIKIT_MB_16_2, KIKIT_MB_16_3, KIKIT_MB_16_4, KIKIT_MB_16_5, KIKIT_MB_17_1, KIKIT_MB_17_2, KIKIT_MB_17_3, KIKIT_MB_18_1, KIKIT_MB_18_2, KIKIT_MB_18_3, KIKIT_MB_19_1, KIKIT_MB_19_2, KIKIT_MB_19_3, KIKIT_MB_1_1, KIKIT_MB_1_2, KIKIT_MB_20_1, KIKIT_MB_21_1, KIKIT_MB_21_2, KIKIT_MB_21_3, KIKIT_MB_21_4, KIKIT_MB_21_5, KIKIT_MB_22_1, KIKIT_MB_22_2, KIKIT_MB_22_3, KIKIT_MB_22_4, KIKIT_MB_23_1, KIKIT_MB_23_2, KIKIT_MB_23_3, KIKIT_MB_23_4, KIKIT_MB_24_1, KIKIT_MB_24_2, KIKIT_MB_24_3, KIKIT_MB_24_4, KIKIT_MB_24_5, KIKIT_MB_25_1, KIKIT_MB_25_2, KIKIT_MB_26_1, KIKIT_MB_26_2, KIKIT_MB_26_3, KIKIT_MB_26_4, KIKIT_MB_27_1, KIKIT_MB_28_1, KIKIT_MB_28_2, KIKIT_MB_28_3, KIKIT_MB_29_1, KIKIT_MB_29_2, KIKIT_MB_29_3, KIKIT_MB_29_4, KIKIT_MB_29_5, KIKIT_MB_2_1, KIKIT_MB_2_2, KIKIT_MB_2_3, KIKIT_MB_30_1, KIKIT_MB_30_2, KIKIT_MB_30_3, KIKIT_MB_30_4, KIKIT_MB_31_1, KIKIT_MB_31_2, KIKIT_MB_31_3, KIKIT_MB_31_4, KIKIT_MB_32_1, KIKIT_MB_32_2, KIKIT_MB_32_3, KIKIT_MB_32_4, KIKIT_MB_32_5, KIKIT_MB_33_1, KIKIT_MB_33_2, KIKIT_MB_33_3, KIKIT_MB_33_4, KIKIT_MB_34_1, KIKIT_MB_34_2, KIKIT_MB_35_1, KIKIT_MB_35_2, KIKIT_MB_35_3, KIKIT_MB_35_4, KIKIT_MB_35_5, KIKIT_MB_35_6, KIKIT_MB_35_7, KIKIT_MB_36_1, KIKIT_MB_36_2, KIKIT_MB_36_3, KIKIT_MB_36_4, KIKIT_MB_36_5, KIKIT_MB_36_6, KIKIT_MB_36_7, KIKIT_MB_37_1, KIKIT_MB_37_2, KIKIT_MB_37_3, KIKIT_MB_37_4, KIKIT_MB_37_5, KIKIT_MB_37_6, KIKIT_MB_37_7, KIKIT_MB_38_1, KIKIT_MB_38_2, KIKIT_MB_38_3, KIKIT_MB_38_4, KIKIT_MB_38_5, KIKIT_MB_38_6, KIKIT_MB_38_7, KIKIT_MB_39_1, KIKIT_MB_39_2, KIKIT_MB_39_3, KIKIT_MB_39_4, KIKIT_MB_39_5, KIKIT_MB_39_6, KIKIT_MB_39_7, KIKIT_MB_3_1, KIKIT_MB_3_2, KIKIT_MB_40_1, KIKIT_MB_40_2, KIKIT_MB_40_3, KIKIT_MB_40_4, KIKIT_MB_40_5, KIKIT_MB_40_6, KIKIT_MB_40_7, KIKIT_MB_41_1, KIKIT_MB_41_2, KIKIT_MB_41_3, KIKIT_MB_41_4, KIKIT_MB_41_5, KIKIT_MB_41_6, KIKIT_MB_41_7, KIKIT_MB_42_1, KIKIT_MB_42_2, KIKIT_MB_42_3, KIKIT_MB_42_4, KIKIT_MB_42_5, KIKIT_MB_42_6, KIKIT_MB_42_7, KIKIT_MB_4_1, KIKIT_MB_4_2, KIKIT_MB_4_3, KIKIT_MB_4_4, KIKIT_MB_4_5, KIKIT_MB_5_1, KIKIT_MB_5_2, KIKIT_MB_5_3, KIKIT_MB_5_4, KIKIT_MB_6_1, KIKIT_MB_6_2, KIKIT_MB_6_3, KIKIT_MB_6_4, KIKIT_MB_7_1, KIKIT_MB_7_2, KIKIT_MB_7_3, KIKIT_MB_7_4, KIKIT_MB_7_5, KIKIT_MB_8_1, KIKIT_MB_8_2, KIKIT_MB_9_1, KIKIT_MB_9_2, KIKIT_MB_9_3",NPTH,174,NPTH,
Q1,SOT-23,1,DMG2305,
"R1, R2",0603,2,5.1k 1%,
"R10, R11, R12, R13, R14, R5, R6, R7",0603,8,100k,
"R15, R16, R17",0603,3,10k,
"R3, R4, R8, R9",0603,4,4.7k,
SW1,RotaryEncoder_Bourns_Vertical_PEC12R-3x17F-Sxxxx,1,RotaryEncoder_Switch_MP,
"SW2, SW3",SW_SPST_PTS645,2,SW_Push,
SW4,SW_E-Switch_EG2219_DPDT_Angled,1,SW_SPST,
"TP1, TP2",TestPoint_Loop_D2.54mm_Drill1.5mm_Beaded,2,TestPoint,
U1,SOT94P280X100-5N,1,RT9080-33GJ5,
U2,SOT-23-5,1,MCP73831-2-OT,
U3,XCVR_ESP32-C6-WROOM-1-N8,1,ESP32-C6-WROOM-1-N8,
U4,SON50P200X200X80-9N,1,MAX17048G_T10,
